,object,distence
0,cz: ,73.109507
1,zb: ,49.040799
2,sx: ,81.743501
3,None,500.0
