,object,distence
0,zb: ,45.54119
1,cz: ,60.033324
2,cz: ,281.602557
3,cz: ,292.909542
