,name,x,y,w,h,confidences
0,3.0,259.0,223.0,143.0,84.0,0.752519
1,1.0,381.0,290.0,32.0,44.0,0.334628
2,1.0,41.0,258.0,32.0,44.0,0.124576
3,1.0,41.0,374.0,32.0,44.0,0.038994
